date,United States,China,Japan,Germany,South Asia,France,India,United Kingdom,Brazil,Italy,Canada,Russian Federation,Spain,"Korea, Rep.",Australia,Mexico,Turkey,Indonesia,Netherlands,Saudi Arabia,Switzerland,Poland,Sweden,Belgium,Norway,"Iran, Islamic Rep.",Nigeria,Thailand,Austria,Argentina,South Africa,United Arab Emirates,Malaysia,Colombia,Ireland,Denmark,Philippines,Singapore,Israel,"Egypt, Arab Rep.",Chile,"Hong Kong SAR, China",Finland,Czech Republic,Greece,Pakistan,Portugal,Romania,Iraq,Kazakhstan,Peru,Bangladesh,Algeria,Vietnam,New Zealand,Qatar,Hungary,Kuwait,Ukraine,Morocco,Slovak Republic,Angola,Ecuador,Puerto Rico,Sri Lanka,Myanmar,Dominican Republic,Uzbekistan,Oman,Luxembourg,Ethiopia,Croatia,Kenya,Sudan,Bulgaria,Belarus,Azerbaijan,Ghana,Slovenia,Guatemala,Tanzania,Libya,Lithuania,Tunisia,Costa Rica,Panama,Uruguay,Serbia,Cote d'Ivoire,Uganda,Lebanon,Cameroon,Paraguay,"Congo, Dem. Rep.","Macao SAR, China",Bahrain,Jordan,Latvia,Bolivia,Zambia,Cyprus,Estonia,Senegal,Nepal,El Salvador,Papua New Guinea,Afghanistan,Honduras,Trinidad and Tobago,Cambodia,Bosnia and Herzegovina,Gabon,Botswana,Georgia,Iceland,"Yemen, Rep.",Mozambique,Zimbabwe,Burkina Faso,Mali,Albania,Benin,Malta,Namibia,Jamaica,Armenia,Brunei Darussalam,Haiti,Mongolia,Mauritius,West Bank and Gaza,Madagascar,Lao PDR,Niger,Chad,Equatorial Guinea,Guinea,"Congo, Rep.",North Macedonia,Nicaragua,Rwanda,"Bahamas, The",Tajikistan,Moldova,Malawi,Kosovo,Mauritania,Kyrgyz Republic,Bermuda,Togo,Eswatini,Montenegro,Guyana,Suriname,Barbados,Maldives,Fiji,Sierra Leone,Andorra,Lesotho,Bhutan,Liberia,Burundi,Cabo Verde,"Gambia, The",Central African Republic,St. Lucia,Belize,Antigua and Barbuda,Seychelles,Timor-Leste,Comoros,Guinea-Bissau,Solomon Islands,Grenada,St. Kitts and Nevis,Vanuatu,St. Vincent and the Grenadines,Samoa,Dominica,Tonga,Sao Tome and Principe,Kiribati,Palau,Nauru,Tuvalu
1960,3170,128,796,0,190,594,149,730,247,546,294,0,225,23.3,199,148,87.2,60.6,188,0,0,0,135,119,83,65.3,61.4,15.6,91.8,116,79.1,0,11,37.6,0,94.1,28.9,5.8,18.6,15.4,29.4,0,54,0,52.2,13.6,39.9,0,0,0,27,17.9,27.4,0,0,0,0,0,0,0,0,0,10.2,13.8,0,3.3,4.4,0,0,8.5,0,0,4.4,8.3,0,0,0,7,0,6.2,0,0,0,0,3.9,2.4,13.9,0,4.3,0,0,5,2.6,15.8,0,0,0,0,3.7,4.6,0,0,4.4,2.7,0,2.3,0,2.2,3.4,0,0,2.2,0.2,0,2.1,0,0,3.8,1.3,0,0,1.7,0,0,0,0,0,5.8,0,0,0,4.2,0,2.8,2.1,0,0,1.6,0,2.7,1,1.9,0,0,0.9,0,0,0,1.5,0.6,0,0,1.5,1,0,0,0.7,0.9,0,0.2,0,0,0.6,0,0,0.9,0,0.1,0,0.1,0,0,0,0,0,0,0,0.1,0,0,0,0,0,0,0,0
1961,3250,93.1,892,0,198,624,154,750,272,591,303,0,251,24.9,204,155,88.2,64.1,189,0,0,0,143,125,88.2,72.8,61.5,16.5,96.9,122,82.1,0,11.9,39.5,0,100,30.5,6.2,20.7,16.2,30.9,10.7,58.1,0,59,14.4,42.1,0,0,0,29,18.9,23.7,0,0,0,0,0,0,0,0,0,10.7,14.7,5.9,3.3,4.3,0,0,8.8,0,0,4,8.3,0,0,0,7.3,0,6.4,0,0,0,0,3.9,2.7,14.2,0,4.7,0,0,5,2.8,14.1,0,0,0,0,3.8,4.7,0,0,4.5,2.7,0,2.4,0,2.3,3.9,0,0,2.5,0.2,0,2.1,0,0,4,1.4,0,0,1.8,0,0,0,0,0,5.7,0,0,0,4.3,0,2.9,2.1,0,0,1.7,0,2.9,1,2.1,0,0,0.9,0,1.2,0,1.6,0.7,0,0,1.5,1,0,0,0.7,0.9,0,0.2,0,0,0.5,0,0,0.9,0,0.1,0,0.1,0,0,0,0,0,0,0,0.1,0,0,0,0,0,0,0,0
1962,3440,87.9,972,0,204,666,159,758,286,628,326,0,276,25.9,207,162,93.1,65.2,202,0,0,0,149,132,90.7,79,64,17.7,99.5,121,87.2,0,12.6,41.6,0,106,32,6.7,22.8,16.8,32.2,12.2,59.8,0,59.3,15.1,44.9,0,0,0,31.9,20,19,0,0,0,0,0,0,0,0,0,11.2,15.9,6.2,3.5,5,0,0,8.9,0,0,4.4,8.8,0,0,0,7.6,0,6.6,0,0,0,0,4.2,2.9,14,0,4.8,0,0,5.2,2.9,17.1,0,0,0,0,4,4.5,0,0,4.5,2.8,0,2.6,0,2.4,4,0,0,2.7,0.2,0,2.2,0,0,4.1,1.4,0,0,1.7,0,0,0,0,0,6.1,0,0,0,4.4,0,3.2,2.2,0,0,1.8,0,3.2,1.1,2.4,0,0,0.9,0,1.2,0,1.6,0.7,0,0,1.6,1,0,0,0.7,0.9,0,0.3,0,0,0.6,0,0,0.9,0,0.1,0,0.1,0,0,0,0,0,0,0,0.2,0,0,0,0,0,0,0,0
1963,3600,97,1050,0,215,708,168,795,289,663,343,0,303,28.2,220,175,102,63.8,209,0,0,0,157,137,94.1,84.7,69.5,19.1,104,114,93.6,0,13.6,43,0,106,34.2,7.4,25.2,18.6,34,14.2,61.8,0,66.3,16.4,47.5,0,0,0,33.3,19.9,25.6,0,0,0,0,0,0,0,0,0,11.5,17.3,6.3,4,5.3,0,0,9.3,0,0,4.8,8.6,0,0,0,7.9,0,7.3,0,0,0,0,4.4,3.2,14,0,5.5,0,0,5.4,3,18,0,0,0,0,4.2,4.7,0,0,4.6,2.8,0,2.7,0,2.5,4.2,0,0,2.9,0.2,0,2.5,0,0,4.3,1.4,0,0,1.8,0,0,0,0,0,6,0,0,0,4.3,0,3.5,2.2,0,0,1.7,0,3.5,1,2.6,0,0,0.9,0,1.2,0,1.6,0.7,0,0,1.4,1.1,0,0,0.8,0.9,0,0.3,0,0,0.6,0,0,0.9,0,0.1,0,0.1,0,0,0,0,0,0,0,0.1,0,0,0,0,0,0,0,0
1964,3800,115,1180,0,232,755,181,839,299,681,366,0,319,30.9,235,196,107,66,226,0,0,0,168,147,98.8,92.5,73,20.4,110,126,101,0,14.3,45.6,0,116,35.4,7.2,27.2,20.7,34.9,15.4,65,0,72.5,17.6,50.5,0,0,0,35.5,22.1,27.1,0,0,0,0,0,0,0,0,0,12.3,18.5,6.6,3.7,5.7,0,0,10,0,0,5,8.5,0,0,0,8.1,0,7.6,0,0,0,0,4.6,3.3,14.4,0,6.4,0,0,5.6,3.1,17.6,0,0,0,0,4.4,5.3,0,0,4.8,3.1,0,2.9,0,2.6,4.5,0,0,3,0.3,0,2.7,0,0,4.3,1.4,0,0,1.9,0,0,0,0,0,5.9,0,0,0,4.5,0,3.5,2.1,0,0,1.8,0,3.9,0.9,2.9,0,0,1,0,1.5,0,1.8,0.8,0,0,1.5,1.2,0,0,0.8,1,0,0.3,0,0,0.6,0,0,0.9,0,0.1,0,0.1,0,0,0,0,0,0,0,0.1,0,0,0,0,0,0,0,0
1965,4050,134,1250,0,230,792,176,857,308,704,389,0,339,33.2,249,210,110,66.7,246,0,0,0,174,152,104,108,76.6,22.1,114,139,107,0,15.4,47.3,0,122,37.3,7.7,29.7,21.8,35.2,17.6,68.5,0,80.3,19.4,54.3,0,0,0,37.5,22.4,28.7,0,0,0,0,0,0,0,0,0,12.7,20.3,6.7,4.1,5,0,1.4,9.9,0,0,5.1,9.1,0,0,0,8.2,0,8,0,0,0,5.1,5,3.6,14.5,0,6.2,0,0,5.7,3.3,17.7,0,0,0,0,4.6,6.1,0,0,4.8,3,7.5,3.2,0,2.9,4.6,0,0,3.2,0.3,7.3,2.9,0,0,4.5,1.5,0,0,2,0,0,0,0,0,6,0,0,0,4.5,0,3.8,2.2,0,0,1.9,0,4.3,0.9,3.2,0,0,1.1,0,1.8,0,1.9,1,0,0,1.7,1.3,0,0,0.8,1.1,0,0.3,0,0,0.6,0,0,0.9,0,0.1,0,0.1,0,0,0,0,0,0,0,0.2,0,0,0,0,0,0,0,0
1966,4310,148,1380,0,232,833,176,870,321,746,415,0,363,37.2,255,223,123,68.6,253,0,0,0,178,157,108,121,73.3,24.6,120,138,112,0,16.6,49.8,0,125,38.9,8.5,29.6,22.9,39.2,18,70.1,0,85.5,20.6,56.5,0,0,0,40.5,23,27.4,0,0,0,0,0,0,11.9,0,0,12.7,21.8,7.1,3.9,5.6,0,1.5,10,0,0,5.9,8.7,0,0,0,7.8,0,8.4,0,0,0,5.2,5.3,3.9,15,0,7,0,0,5.9,3.4,18.9,0,0,0,0,4.9,5.8,0,0,5,3.2,8.1,3.4,0,3,4.7,0,0,3.4,0.3,7.9,3.1,0,0,4.5,1.5,0,0,2.1,0,0,6.8,0,0,6,0,0,0,4.6,0,3.8,2.1,0,0,1.9,0,4.5,1,3.5,0,0,1.2,0,1.8,0,2.2,1,0,0,1.8,1.6,0,0,0.8,1.1,0,0.3,0,0,0.7,0,0.3,0.9,0,0.1,0,0.2,0,0,0,0,0,0,0,0.2,0,0,0,0,0,0,0,0
1967,4420,140,1530,0,247,874,190,895,336,799,428,0,379,40.5,271,236,128,69.6,266,0,0,0,184,163,115,135,61.8,26.7,124,143,120,0,17.2,51.8,0,132,41,9.6,30.5,23,40.6,18.3,71.6,0,90.4,21.7,60.7,0,0,0,42.1,22.6,29.9,0,0,0,0,0,0,13.1,0,0,13.2,23.1,7.5,3.7,5.8,0,2.5,10,0,0,6.1,8.9,0,0,0,8.1,0,8.7,0,0,0,5.2,5.6,4.2,14.4,0,7.3,0,0,5.3,3.7,18.8,0,0,0,0,5.3,6.3,0,0,4.9,3.2,8.5,3.5,0,3.2,4.8,0,0,3.5,0.3,8.4,3.1,0,0,4.9,1.6,1.9,0,2.1,0,0,6.9,0,0,5.9,0,0,0,4.8,0,3.8,2.1,0,0,1.9,0,4.8,1.1,3.8,0,0,1.3,0,1.8,0,2.5,1.1,0,0,1.8,1.8,0,0,0.9,1.1,0,0.3,0,0,0.8,0,0.3,1,0,0.1,0,0.2,0,0,0,0,0,0,0,0.1,0,0,0,0,0,0,0,0
1968,4630,134,1730,0,257,914,196,943,375,852,449,0,404,45.9,285,258,137,77.1,283,76.8,0,0,190,170,117,155,61,28.9,129,150,125,0,18.6,54.9,0,139,43,10.9,35.5,22.7,42.1,18.9,73.3,0,96.9,23.2,66.1,0,13.5,0,42.2,24.7,33.2,0,0,0,0,0,0,14.4,0,0,13.5,24.3,7.9,4.1,5.8,0,4.6,10.5,0,0,6.6,9,0,0,0,8.1,0,9.5,0,0,0,5.8,6.1,4.5,14.7,0,8.2,0,0,5.6,3.9,19.6,0,0,0,0,5.7,6.3,0,0,5.2,3.2,8.8,3.7,0,3.4,5.1,0,0,3.6,0.3,8.8,2.9,0,0,5,1.7,2,0,2.2,0,0,7.3,0,0,6.1,0,0,0,5.1,0,3.8,2.1,0,0,2.1,0,4.8,1.1,4.2,0,0,1.3,0,2,0,2.5,1.2,0,0,1.9,1.9,0,0,1,1.1,0,0.3,0,0,0.8,0,0.3,1,0,0.1,0,0.2,0,0,0,0,0,0,0,0.1,0,0,0,0,0,0,0,0
1969,4770,157,1940,0,273,979,209,961,411,904,472,0,440,52.5,305,267,143,82.4,301,81.4,0,0,200,181,123,180,75.7,30.8,137,164,131,0,19.5,58.2,0,148,45,12.4,40.3,23.9,43.7,21,80.3,0,108,24.5,67.5,0,13.9,0,43.6,25,36,0,0,0,0,0,0,15.7,0,0,14.1,26.6,8.6,4.3,6.5,0,5.8,11.5,0,0,7.1,9.2,0,0,0,8.6,0,9.9,0,0,0,6.1,6.5,4.9,15.6,0,9,0,0,5.9,4,21.4,0,0,0,0,6,6.3,0,0,4.9,3.3,9.1,4,0,3.4,5.2,0,0,3.9,0.4,9.2,3,0,0,5.6,1.7,2,0,2.3,0,0,7.7,0,0,6.3,0,0,0,5.3,0,3.6,2.3,0,0,2.2,0,5.1,1.3,4.5,0,0,1.4,0,2.1,0,2.6,1.3,0,0,2,2,0,0,1,1.2,0,0.4,0,0,0.8,0,0.3,1.1,0,0.2,0,0.2,0,0,0,0,0,0,0,0.1,0,0,0,0,0,0,0,0
1970,4760,187,1950,1540,288,1040,220,998,447,951,528,0,459,57.8,327,284,147,88.6,320,129,306,0,214,191,125,200,94.7,34.3,146,169,138,0,20.7,61.8,37.7,151,46.7,14.1,40,25.2,44.5,22.9,84.1,0,118,27.3,76,0,14.5,0,45.1,26.4,39.2,0,56.4,0,0,0,0,16.4,0,0,15.1,28.8,8.9,4.5,7.6,0,6.6,12,0,0,6.8,9.7,0,0,0,9.4,0,10.5,0,0,0,6.3,6.9,5.2,15.9,0,9.9,0,0,6.1,4.3,21.3,0,0,0,0,6.3,6.6,0,0,5.3,3.4,9.4,4.4,0,3.6,5.4,0,0,4.2,0.5,10.3,3.3,0,0,6.9,1.7,2.1,0,2.3,1.1,0,8.6,0,0,6.3,0,0,0,5.6,0,3.7,2.3,0,0,2.4,0,5.2,1.3,4.3,0,0,1.4,0,2.3,0,2.8,1.3,0.5,0,2.1,2,0,0,1.1,1.3,1,0.4,0,0,0.9,0,0.3,1.1,0,0.2,0,0.2,0,0,0.3,0,0,0,0,0.2,0,0,0,0,0.1,0,0,0
1971,4920,200,2040,1590,291,1090,223,1030,498,968,549,0,480,63.9,340,295,155,94.9,334,156,319,0,216,199,132,229,108,35.9,154,179,144,0,22.8,65.5,39,155,49.3,15.8,44.4,26.2,48.7,24.6,86.1,0,127,27.4,81.1,0,15.3,0,47.2,25,34.7,0,58.6,0,0,0,0,17.3,0,0,16,30.7,9,4.7,8.5,0,6.6,12.3,0,0,8.3,9.9,0,0,0,9.9,0,11.1,0,0,0,7,7.4,5.7,15.9,0,10.8,0,0,6.3,4.5,22.6,0,0,0,0,6.6,6.6,0,0,5.3,3.4,9.7,4.7,0,3.7,5.5,0,0,4.7,0.6,10.5,3.8,0,0,7.5,1.8,2.2,0,2.3,1.2,0,8.8,0,0,6.7,0,0,0,5.8,0,3.9,2.3,0,0,2.6,0,5.4,1.4,4.3,0,0,1.6,0,2.3,0,2.9,1.3,0.6,0,2.1,2.1,0,0,1.2,1.4,1.1,0.4,0,0,0.9,0,0.3,1.1,0,0.2,0,0.2,0,0,0.3,0,0,0,0,0.2,0,0,0,0,0.1,0,0,0
1972,5170,208,2210,1650,286,1140,222,1080,558,1000,580,0,519,68.5,353,319,167,102,345,191,329,0,221,209,139,262,112,37.5,163,182,146,0,24.9,70.6,41.5,161,51.9,17.9,49.8,27,48.2,27.2,92.8,0,140,27.6,87.6,0,15.9,0,48.8,21.5,44.3,0,61.6,0,0,0,0,17.7,0,0,16.9,32.9,9,4.8,9.4,0,7.3,13.2,0,0,9.7,9.4,0,0,0,9.7,0,11.9,0,0,0,8.3,8,6,15.7,0,11.3,0,0,6.4,4.8,22.7,0,0,0,0,7.1,7.2,0,0,5.6,3.5,10.3,5,0,3.9,5.8,0,0,5.2,0.7,10.8,4,0,0,8.1,1.8,2.3,0,2.4,1.2,0,10.4,0,0,6.8,0,0,0,5.8,0,3.7,2.3,0,0,2.8,0,5.5,1.4,4.2,0,0,1.7,0,2.3,0,2.9,1.4,0.6,0,2.1,2.1,0,0,1.3,1.4,1.1,0.4,0,0,0.9,0,0.3,1.1,0,0.2,0,0.2,0,0,0.4,0,0,0,0,0.2,0,0,0,0,0.1,0,0,0
1973,5470,224,2390,1730,297,1220,230,1150,636,1080,619,0,560,78.7,362,345,172,110,364,238,339,0,230,223,145,284,118,41.3,171,187,153,0,27.8,75.3,43.5,168,56.6,19.8,52.6,28,45.8,30.6,99.3,0,151,29.6,97.4,0,16.6,0,51.9,22.2,45.9,0,66.4,0,0,0,0,18.4,0,0,19.2,35,9.6,4.7,10.6,0,6.3,14.3,0,0,10.2,9.5,0,0,0,9.9,0,12.7,0,0,0,8.2,8.6,6.3,15.7,0,12,0,0,6.8,5.2,24.5,0,0,0,0,7.5,7.1,0,0,5.3,3.5,10.8,5.3,0,4.2,5.9,0,0,5.7,0.9,11.5,4.3,0,0,8.4,1.8,2.3,0,2.5,1.3,0,9.8,0,0,7.1,0,0,0,5.6,0,3.1,2.1,0,0,3,0,5.8,1.4,4.5,0,0,1.7,0,2.2,0,3,1.5,0.7,0,2.1,2.1,0,0,1.5,1.4,1.2,0.5,0,0,0.9,0,0.4,1.1,0,0.2,0,0.3,0,0,0.4,0,0,0,0,0.2,0,0,0,0,0.2,0,0,0
1974,5440,229,2360,1750,303,1270,232,1120,694,1130,639,0,591,86.2,377,364,182,118,377,276,344,0,238,233,151,303,131,43.2,178,197,162,0,30.1,79.6,45.3,166,58.6,21,56,28.4,46.9,31.3,102,0,141,30.6,98.5,0,19.3,0,56.8,24.3,49.4,0,70.4,0,0,0,0,19.4,0,0,21.4,36,10,5,11.2,0,7,14.9,0,0,10.7,10.6,0,0,0,10.6,0,13.5,0,0,0,8.9,9.1,6.5,16.2,0,12.5,0,0,7.5,5.6,25.3,0,0,0,0,7.7,7.6,0,0,5.5,3.7,11.4,5.4,0,4.2,6.1,0,0,8,1,12.6,4.5,0,0,8.9,2,2.3,0,2.6,1.4,0,9.4,0,7.1,7.5,0,0,0,5.7,0,3.3,2.2,0,0,3.3,0,6.7,1.4,3.7,0,0,1.9,0,2.5,0,3,1.5,0.7,0,2.3,2.1,2.7,0,1.5,1.4,1.3,0.5,0,0,0.9,0,0.4,1.2,0,0.2,0,0.3,0,0,0.4,0,0,0,0,0.2,0,0,0,0,0.2,0,0,0
1975,5430,249,2440,1730,326,1260,254,1100,730,1110,649,0,595,93,382,385,195,124,377,252,319,0,244,228,159,295,124,45.3,177,197,165,56.8,30.4,81.5,47.9,163,61.9,21.9,57.8,31,40.8,31.5,104,0,150,31.9,94.2,0,21.7,0,59.2,23.3,51.9,0,69.1,0,0,0,0,20.9,0,0,23.7,35.7,10.6,5.2,11.8,0,8.7,13.9,0,0,10.8,12.2,0,0,0,9.3,0,13.8,0,0,0,9.5,9.3,6.6,17.2,0,13.5,0,0,8.4,6,24,0,0,0,0,8.3,7.4,3.7,0,5.9,3.8,11.8,5.4,0,4.3,6.2,0,0,9.5,1.1,13.5,4.5,0,0,8.7,2,2.5,0,2.5,1.7,0,9.4,0,7.1,7.6,0,0,0,5.8,0,3.2,2.4,0,0,3.5,0,6.7,1.4,3.2,0,0,2,0,2.4,0,3.1,1.6,0.8,0,2.4,2.1,2.7,0,1.5,1.5,1.3,0.5,0,0,0.9,0,0.4,1.2,0,0.2,0,0.3,0,0,0.4,0,0,0,0,0.2,0,0,0,0,0.2,0,0,0
1976,5720,245,2530,1820,334,1310,258,1130,801,1190,687,0,614,105,392,402,216,133,393,296,315,0,246,241,168,346,135,49.5,185,193,169,66.2,33.9,85.3,48.6,173,67.3,23.5,58,35.1,42.4,36.6,105,0,161,33.6,101,0,25.4,0,60.1,24.6,56.2,0,69.8,0,0,0,0,23.1,0,0,25.5,38,10.9,5.5,12.6,0,10.5,14.2,0,0,11,14.3,0,0,0,9,0,14.8,0,0,0,10.3,9.8,6.7,17.8,0,15.3,0,0,7.9,6.4,22.7,0,0,4.6,0,8.7,7.9,4.4,0,6.5,3.9,12.3,5.2,0,4.7,6.6,0,0,13,1.2,14.3,4.8,0,0,8.8,2.2,2.9,0,2.5,2,0,8.8,0,8.5,8.3,0,2.2,0,5.6,0,3.3,2.5,0,0,3.6,0,7,1.7,3.4,0,0,2.1,0,2.6,0,3.4,1.5,0.8,0,2.5,2.3,2.8,0,1.6,1.5,1.4,0.5,0,0,1,0,0.5,1.3,0,0.2,0,0.3,0,0,0.4,0,0,0,0,0.2,0,0,0,0,0.2,0,0,0
1977,5980,264,2640,1880,355,1360,276,1160,838,1220,711,0,632,118,406,416,223,144,403,317,322,0,242,243,175,332,144,54.4,195,206,168,80.4,36.5,88.9,52.6,176,71.1,25.1,58.6,38.2,46.8,40.8,105,0,166,34.9,106,0,25.9,0,60.3,25.3,59.2,0,66.7,0,0,0,0,24.5,0,0,25.9,40.2,11.5,5.8,13.2,0,10.6,14.5,0,0,12,15.1,0,0,0,9.2,0,16,0,0,0,10.6,10.7,6.8,18.1,0,16.4,0,0,9,7.2,22.9,0,0,5,0,9.1,7.5,5.2,0,6.3,4,13.2,5.3,0,5.2,7.2,0,0,11.3,1.3,15.3,5.2,0,0,8.2,2.2,3,0,2.6,2.2,0,8.5,0,9.5,8.6,0,2.3,0,5.7,0,3.5,2.5,0,0,3.2,0,7.6,1.7,3.7,0,0,2.2,0,2.5,0,3.6,1.7,0.8,0,2.4,2.6,2.9,0,1.7,1.5,1.4,0.6,0,0,1.1,0,0.5,1.3,0.4,0.2,0.3,0.3,0,0,0.4,0,0.3,0.2,0,0.2,0,0.2,0,0,0.2,0,0,0
1978,6310,294,2780,1940,376,1410,292,1210,865,1260,737,0,641,131,410,453,226,154,414,301,324,0,246,250,182,285,135,60,194,197,173,79.1,39,96.4,56.3,180,74.8,27.1,61.8,41.5,50.4,44.2,108,0,178,37.7,109,0,30.3,0,58.7,27.1,64.6,0,66.9,0,0,0,0,25.1,0,0,27.3,43,12.1,6.2,13.5,0,10.2,15,0,0,12.9,14.3,0,0,0,9.9,0,16.8,0,0,0,11.3,11.4,7.4,19.1,0,18.2,0,0,11,8,21.7,0,0,5.7,0,9.3,7.6,5.6,0,6,4.2,13.9,5.7,0,5.5,7.9,0,0,8.6,1.5,16.4,5.5,0,0,8,2.3,3,0,2.7,2.4,0,8.5,0,10.1,9.1,0,2.4,0,5.6,0,4,2.5,0,0,3.4,0,7,1.9,4.2,0,0,2.4,0,2.5,0,3.6,1.8,0.8,0,2.4,2.7,3,0,1.7,1.5,1.4,0.7,0,0,1.1,0,0.5,1.3,0.4,0.3,0.3,0.3,0,0,0.4,0,0.3,0.2,0,0.2,0,0.2,0,0,0.2,0,0,0
1979,6510,316,2940,2020,365,1460,277,1260,924,1340,764,0,641,143,426,497,225,165,423,337,332,0,256,256,190,255,144,63.2,205,217,180,95.7,42.6,102,58.1,187,79,29.7,65.6,43.4,54.7,49.3,116,0,183,39.1,116,0,36.6,0,61.1,28.4,69.5,0,68.4,0,0,0,0,26.3,0,0,28.4,46.4,12.9,6.5,14.1,0,10.6,15.4,0,0,13.8,13.5,0,0,0,9.7,0,17.6,0,0,0,12,11.9,7.7,20.3,0,18.6,0,0,11.6,9,21.8,0,0,6.9,0,9.3,7.3,6.1,0,6.5,4.3,13.3,5.8,0,5.8,8.2,0,0,8.6,1.7,17.7,5.8,0,0,8.2,2.4,3.3,0,2.8,2.7,0,8.4,0,12.4,9.8,0,2.5,0,6.1,0,4.3,2,0,0,3.8,0,5.2,2.1,5.3,0,0,2.5,0,2.6,0,3.7,1.7,0.9,0,2.3,2.7,3.3,0,1.9,1.6,1.4,0.8,0,0,1.1,0,0.5,1.3,0.5,0.3,0.4,0.4,0,0,0.5,0,0.3,0.2,0.3,0.2,0,0.2,0,0,0.2,0,0,0
1980,6500,341,3020,2050,388,1480,296,1230,1010,1380,781,0,655,140,439,543,219,182,428,356,347,0,260,267,198,185,150,66.5,208,221,192,119,45.8,106,59.9,186,83,32.7,66.7,47.8,59.1,54.3,122,0,185,43.1,121,0,45.7,0,64.7,28.6,70,0,69.3,0,0,0,0,27.2,0,26.6,29.4,48.4,13.7,7.1,15.2,0,11.3,15.5,0,0,14.6,13.7,32.4,0,0,9.7,0,18.2,0,0,0,12.9,12,8.8,21.4,0,16.6,0,0,11.4,10,22.3,0,7.6,7.7,0,9.2,7.6,6.5,0,6.2,4.2,11.7,5.7,0,5.8,9.1,0,0,8.9,1.9,18.5,6.1,0,2.8,9.4,2.4,3.2,5.3,3,2.9,4.5,8,0,11.5,10.5,0,2.2,0,6.2,0,4.2,1.9,0.2,0,4.4,0,5.4,2.3,5.6,0,0,2.5,0,2.7,0,4,2,1,0,2.4,2.5,3.4,0,1.9,1.6,1.4,0.7,0.2,0,1.2,0.2,0.6,1.2,0.5,0.3,0.4,0.4,0,0.4,0.4,0.4,0.3,0.2,0.3,0.2,0,0.2,0,0,0.1,0,0,0
1981,6660,358,3150,2060,413,1500,313,1220,963,1390,808,0,654,150,454,590,230,196,425,363,352,0,261,266,201,176,131,70.4,208,209,202,124,48.9,108,61.9,185,85.9,36.2,70.3,51.3,62.9,59.3,124,0,182,46.6,123,0,45.3,0,68.3,30.7,72.1,0,72.5,0,0,0,0,26.7,0,25.5,31.1,49,14.5,7.5,15.9,0,13.2,15.4,8.2,0,15.2,14.8,33.9,0,0,9.4,0,18.3,0,0,0,13.6,11.7,9.6,21.8,0,17.1,0,0,13.4,11,22.8,0,7.2,9,0,9.2,8,6.6,0,6.6,4.6,10.5,5.7,0,5.8,9.5,0,0,9.3,2.1,19.4,6.4,0,2.9,10.6,2.5,3.2,5.6,3.3,3,4.5,8.2,0,9.2,10.2,2.5,2.4,0,5.6,0,4.2,1.9,0.2,0,5.2,0,5.7,2.4,5.1,0,0,2.4,0,2.8,0,4.1,1.9,1.1,0,2.4,2.6,3.4,0,2,1.7,1.4,0.7,0.2,0,1.3,0.2,0.6,1.2,0.5,0.3,0.4,0.4,0,0.4,0.5,0.4,0.3,0.2,0.3,0.2,0,0.2,0.2,0,0.1,0,0,0
1982,6540,390,3250,2050,428,1540,324,1250,969,1400,782,0,663,163,469,586,238,200,420,287,348,0,265,268,202,223,122,74.2,212,208,201,116,51.9,109,63.3,192,89,38.8,71.8,56.3,56,61.1,127,0,180,49.6,125,0,46.9,0,68.2,31.4,76.7,0,73.2,0,0,0,0,29.1,0,25.5,31.3,48.2,15.1,7.9,16.1,0,14.7,15.6,8.3,0,15.4,15.6,34.7,0,0,8.8,0,17.7,0,0,0,13.6,10.9,10.1,19.7,0,17.2,5.3,0,14.4,10.8,22.7,4.1,6.7,9.6,0,8.9,7.8,7,0,7.1,4.7,9.9,5.7,0,5.7,9.8,0,0,9,2.3,19.8,6.5,0,2.7,10.9,2.7,3,5.8,3.4,3.1,4.5,8.3,0,9.6,9.9,2.7,2.5,0,5.5,0,4.3,2,0.2,0,6.5,0,5.6,2.4,5.4,0,0,2.4,0,2.7,0,3.9,1.9,1.1,0,2.1,2.5,3.2,0,1.9,1.8,1.5,0.8,0.2,0,1.3,0.2,0.6,1.3,0.5,0.3,0.4,0.4,0,0.5,0.5,0.4,0.3,0.2,0.3,0.3,0.4,0.2,0.2,0,0.1,0,0,0
1983,6840,432,3370,2080,457,1560,348,1300,936,1420,802,0,674,185,459,566,250,209,428,241,350,0,270,269,210,242,109,78.4,219,217,198,110,55.1,111,63.1,197,90.7,42.1,74.2,59.2,53.2,64.7,131,0,178,53,125,0,40.8,0,61.1,32.6,80.9,0,75.7,0,0,0,0,29.5,0,26.5,31.1,47.1,15.8,8.3,16.9,0,17.2,16.1,9,0,15.6,16,35.9,0,0,8.4,0,17.2,0,0,0,14.2,11.2,9.6,17.6,0,16.5,5.6,0,15.3,10.5,23,4.5,7.1,9.4,0,8.5,7.7,7.4,0,6.7,4.6,10,5.9,0,5.7,8.8,0,0,9.5,2.6,20.7,6.4,0,2.3,11,2.7,3,5.9,3.2,3,4.4,8.5,0,9.6,9.9,2.9,2.5,0,5.5,0,4.1,2.3,0.2,0,6.8,0,5.9,2.6,5.6,0,0,2.5,0,2.8,0,4,1.8,1.1,0,1.9,2.4,3.2,0,1.8,1.7,1.5,0.8,0.2,0,1.3,0.2,0.6,1.2,0.5,0.3,0.4,0.3,0,0.5,0.5,0.4,0.3,0.2,0.3,0.3,0.4,0.2,0.2,0,0.1,0,0,0
1984,7340,498,3520,2140,476,1580,361,1330,985,1460,850,0,686,204,480,585,267,223,441,230,361,0,281,275,223,221,107,82.9,219,220,208,115,59.4,115,65.9,205,84,45.8,74.9,65,55.4,71.2,136,0,181,55.6,123,0,40.2,0,63.3,34.1,85.4,22.5,79.4,0,0,0,0,31.4,0,28.1,32,49.9,16.6,8.7,17.1,0,20,17.1,8.7,0,15.9,15.2,37.1,0,0,9.1,0,17.3,0,0,0,15,12.1,9.9,17.4,0,16.1,5.6,0,16.5,10.8,24.3,4.9,7.5,9.8,0,8.5,7.6,8.1,0,7,5,10.1,5.8,0,6.1,8.3,0,0,10.2,2.8,21.8,6.7,0,2.1,10.8,2.7,3,5.8,3.5,3.1,4.4,8.4,0,9.7,10,3,2.6,0,5.6,1.5,3.4,2.3,0.2,0,7.3,0,5.8,2.5,6.4,0,0,2.7,0,2.7,0,4,1.9,1.2,0,1.8,2.4,3.3,0,1.9,1.8,1.5,0.8,0.2,0,1.3,0.2,0.7,1.3,0.6,0.3,0.5,0.4,0,0.5,0.5,0.4,0.3,0.3,0.4,0.3,0.4,0.2,0.2,0,0.1,0,0,0
1985,7640,565,3700,2190,502,1600,380,1380,1060,1500,890,0,702,220,505,598,278,229,453,208,374,0,287,280,235,226,114,86.7,224,209,205,111,58.8,118,67.9,213,77.9,45.5,77.9,68.8,57.6,71.7,140,0,186,59.9,126,0,40.7,0,64.6,35.3,88.6,23.3,80.7,0,0,0,0,33.3,0,29.1,33.2,51.4,17.4,8.9,16.7,0,22.8,17.6,7.8,0,16.5,14.2,38.1,0,0,9.5,0,17.2,0,0,0,15.9,12.2,10.4,17.7,0,16.8,5.4,0,17.8,11.3,24.4,5,7.1,9.6,0,8.3,7.7,8.5,0,7.2,5.4,10.2,6.1,0,6.4,8,0,0,10,3,22.9,6.9,0,2.2,11.6,2.9,3.6,5.9,3.8,3.1,4.4,8.1,0,9.6,10,3.2,2.8,0,5.7,1.6,3.7,2.8,0.2,0,7.2,0,5.6,2.6,6.8,6.3,0,2.8,0,2.8,0,3.9,2,1.3,0,1.9,2.4,3.4,0,1.8,1.7,1.5,0.9,0.2,0,1.5,0.3,0.6,1.4,0.6,0.3,0.5,0.4,0,0.5,0.5,0.4,0.4,0.3,0.4,0.3,0.4,0.2,0.2,0,0.1,0,0,0
1986,7910,616,3820,2240,526,1640,398,1430,1150,1540,909,0,725,245,525,580,298,242,465,243,381,0,295,285,244,203,114,91.5,229,221,205,94,59.5,125,67.6,224,80.5,46.1,81.2,72,60.7,79.7,144,0,187,63.2,132,0,42.6,0,70.7,36.7,88.9,24,82.8,0,0,0,0,36.4,0,30,34.4,54,18.2,8.8,17.3,0,23.3,19.3,8.5,0,17.7,15,39.7,0,0,10,0,17.2,0,0,0,15.6,12.9,10.7,19.2,0,17.3,5.4,0,19,11.8,25.5,5.3,7.2,10.1,0,8.1,7.8,8.8,0,7.4,5.6,10.2,6.4,0,6.8,7.7,0,0,9.9,3.3,21,7.3,0,2.1,11.8,3.2,3.7,6.2,3.8,3.3,4.6,8.3,0,9.3,10,3.5,3.1,0,5.8,1.7,3.9,2.7,0.2,2.9,6.7,0,5.5,2.7,6.9,6.5,0,2.8,0,3,3.8,4.2,2,1.4,0,1.9,2.5,3.5,0,2,1.7,1.6,0.9,0.3,0,1.5,0.3,0.7,1.4,0.7,0.3,0.6,0.4,0,0.5,0.5,0.4,0.4,0.3,0.4,0.3,0.4,0.3,0.2,0,0.1,0,0,0
1987,8180,687,4000,2270,548,1680,414,1500,1190,1590,946,0,765,276,539,590,326,254,474,227,387,0,305,291,249,204,117,100,232,227,210,97.2,62.6,132,70.8,224,84,51.1,87,74.8,64.6,90.3,149,0,183,67.2,140,0,46.6,0,77.5,38.1,88.3,24.8,83.6,0,0,0,206,36.3,0,31.2,34.3,57.1,18.5,8.5,19.1,21.5,22.5,20.1,9.7,0,18.8,17.1,42.2,0,0,10.5,0,17.9,0,0,0,16.7,13.5,10.6,20.8,0,17.3,5.7,0,18.6,12.7,26.2,6.1,7.9,10.3,0,8.3,8,9.4,0,7.9,5.7,10.5,6.5,0,7.2,7.4,0,0,8.2,3.7,21.3,7.9,0,2.4,12,3.2,3.7,6.2,3.8,3.4,4.8,8.9,0,9.5,9.9,3.6,3.4,0,5.9,1.6,3.9,2.7,0.2,3,6.7,0,5.5,2.7,7.1,6.4,0,2.8,0,3,3.9,4.3,2,1.6,0,1.9,2.3,3.6,0,1.9,1.9,1.7,0.9,0.3,0,1.6,0.3,0.7,1.4,0.7,0.4,0.6,0.4,0,0.6,0.5,0.4,0.4,0.3,0.3,0.3,0.4,0.3,0.3,0,0.1,0,0,0
1988,8520,764,4280,2360,595,1760,454,1590,1190,1660,988,0,804,310,570,597,333,269,491,256,399,0,313,305,248,193,126,114,240,225,218,94.6,68.8,137,74.4,224,89.7,56.9,89.5,78.9,69.3,98,157,0,190,72.4,150,0,46.6,0,70.2,39.1,87.4,26.1,83.3,0,0,0,212,40.6,0,33.1,36.3,60.4,18.9,7.5,19.5,23.5,23.8,21.8,9.7,0,20,17.1,46.8,0,0,11.1,0,18.6,11.4,0,0,16.7,13.9,9.1,21.1,0,17.5,6.1,11.6,17.2,13.5,26.3,6.5,8.5,10.5,0,8.6,8.5,10.2,0,7.8,6.1,10.7,6.7,0,7.3,7.1,0,0,9.3,4.4,22.5,7.9,0,2.6,12.9,3.3,4,6.1,3.9,3.7,4.8,9.3,0,9.6,9.9,3.8,3.6,0,6.1,1.6,4.2,3.1,0.2,3.2,6.9,0,4.8,2.8,7.2,7.3,0,2.9,0,3.1,4.4,4.5,2.1,1.7,0,1.8,2.5,3.8,0,1.9,1.7,1.8,1,0.3,0,1.7,0.3,0.7,1.4,0.8,0.4,0.6,0.4,0,0.6,0.6,0.4,0.4,0.4,0.3,0.4,0.4,0.3,0.2,0,0.1,0,0,0
1989,8830,797,4480,2450,628,1840,481,1630,1230,1720,1010,1460,843,331,592,622,334,289,512,255,417,0,321,316,251,205,128,127,249,209,224,106,75,142,78.8,226,95.2,62.6,90,82.7,76.2,100,165,0,198,75.9,160,0,45.1,0,61.6,40.2,91.3,28,83.5,0,0,0,220,41.8,0,33.1,36.7,63.1,19.4,7.8,20.3,24.2,26.6,23.9,9.7,0,20.9,18.6,45.2,0,0,11.7,0,19.3,11.8,0,0,17,14.7,9.3,21.3,0,18,6.5,6.7,16.9,14.4,26,6.9,8.5,9.4,0,8.9,8.4,11,0,8.1,6.4,10.8,6.6,0,7.5,7,0,0,10.1,5,20.8,8,0,2.8,13.5,3.4,4.2,6.7,3.8,4,4.9,9.9,0,9.5,9.6,4,3.8,0,6.3,1.8,4.2,3.2,0.2,3.3,7,0,4.7,2.8,7.7,6.8,0,3,0,3.2,4.6,4.5,2.2,1.9,0,1.7,2.6,3.9,0,2,1.7,1.9,1,0.4,0,1.7,0.3,0.8,1.4,0.9,0.5,0.7,0.5,0,0.5,0.6,0.5,0.4,0.4,0.3,0.4,0.4,0.3,0.2,0,0.1,0,0,0
1990,9000,828,4700,2580,662,1890,508,1640,1190,1750,1010,1420,875,364,613,654,365,310,534,294,432,227,323,326,255,233,143,142,260,204,223,126,81.8,148,85.4,229,98.1,68.8,96.6,87.4,78.8,104,166,145,198,79.3,166,125,71.2,96.3,58.5,42.4,92,29.5,83.6,0,0,0,206,43.2,0,32,38,61.3,20.6,8,19.2,24.6,26.6,25.2,10,0,21.8,17.6,41.1,31.6,22.7,12.1,31,19.9,12.6,0,0,18.3,15.2,10,21.4,0,17.8,6.9,8.4,15.8,15,24.3,7.4,8.9,9.3,0,9.3,8.4,11.9,0,8.1,6.7,11.3,6.4,0,7.7,7.1,0,0,10.6,5.3,17.8,8,11.7,2.8,14.5,3.4,4.1,6,4.2,4.2,5,10.4,6.4,9.6,9.7,3.8,4,0,6.5,2,4.2,3.1,0.2,3.4,7.1,7.7,4.7,2.8,7.6,6.8,0,3.1,0,3.2,4.8,4.5,2.2,2.3,0,1.7,2.5,3.8,0,2.1,1.8,1.9,1.1,0.4,0,1.8,0.3,0.8,1.4,1,0.5,0.7,0.5,0,0.6,0.6,0.5,0.5,0.4,0.4,0.4,0.4,0.3,0.2,0,0.1,0,0,0
1991,8990,905,4860,2710,674,1910,513,1620,1210,1780,991,1340,897,403,610,682,368,331,547,338,428,211,320,332,263,262,144,154,269,222,221,127,89.6,151,87.1,232,97.6,73.4,104,88.4,84.9,110,157,128,204,83.3,174,109,25.6,85.7,59.8,43.9,90.9,31.2,82.7,0,92,0,188,46.3,0,32.3,39.7,62.7,21.6,8,19.4,24.5,28.2,27.3,9.3,0,22.1,18.9,37.6,31.2,22.5,12.7,28.3,20.6,12.9,0,0,19.1,15.6,11,22.1,0,17.8,7.3,12.6,15.2,15.5,22.3,7.7,9.9,9.5,0,9.8,8.4,11.9,0,8.3,7.1,11.5,7,0,7.5,7.3,0,0,11.2,5.7,14,8,12.5,3,15.3,3.7,4.6,4.4,4.3,4.5,5.4,10.9,5.6,9.9,9.9,3.5,4.2,0,6.1,2.1,4.1,3.3,0.2,3.5,7.3,7.2,4.7,2.7,7.3,6.3,0,3.4,0,3.2,4.4,4.4,2.2,2.4,0,1.8,2.5,3.6,0,2.1,1.8,2,1.2,0.4,0,1.9,0.3,0.8,1.4,1,0.6,0.7,0.5,0,0.5,0.7,0.5,0.5,0.4,0.4,0.4,0.4,0.3,0.3,0,0.1,0,0,0
1992,9310,1030,4910,2760,713,1940,541,1630,1200,1790,1000,1150,906,428,613,706,386,353,556,352,428,216,316,337,273,269,151,166,275,240,216,131,97.6,157,90,237,97.9,78.3,112,92.4,94.4,117,151,128,205,89.8,176,99.2,34,81.2,59.5,46.3,92.5,33.9,83.6,0,89.2,44.1,170,45.3,40.9,30.4,40.5,65.5,22.5,8.7,21.6,21.8,30.6,27.8,8.5,0,21.9,20.1,34.9,28.2,17.4,13.2,26.7,21.6,13,0,0,20.5,17,11.9,23.9,0,17.7,7.6,14.7,14.8,15.8,19.9,8.7,10.6,10.8,0,10,8.2,13.1,0,8.4,7.4,12.3,8,0,7.9,8.1,0,0,10.9,5.9,7.7,7.8,13.5,2.8,13.9,3.7,4.4,4,4.5,4.7,5.8,11.1,3.3,10.4,9.4,3.2,4.5,0,6.2,2.2,4.2,3.6,0.3,3.6,7.5,6.7,4.7,2.9,7,4.5,0,3.1,0,3.3,3.8,4.3,2.1,2.5,0,1.9,2.5,3.4,0,2.2,1.5,2,1.3,0.4,0,1.9,0.4,0.8,1.3,1.1,0.7,0.7,0.6,0,0.6,0.7,0.6,0.5,0.4,0.4,0.4,0.4,0.3,0.3,0,0.1,0,0,0
1993,9560,1180,4880,2730,744,1930,567,1670,1260,1780,1030,1050,896,458,638,719,416,376,563,347,427,224,309,333,281,272,148,180,276,260,219,133,107,165,92.4,237,100,87.2,117,95.1,101,124,150,128,202,91.3,172,101,44.2,73.7,62.6,48.5,90.6,36.7,88.9,0,88.7,59,146,45,41.6,23.1,41.3,68.6,24.1,9.3,23.2,21.3,32.4,29,9.6,0,22,21,34.4,26.1,13.4,13.8,27.5,22.5,13.1,0,0,21,18.2,12.5,24.5,0,17.7,8.2,16.2,13.6,16.5,17.2,9.1,11.9,11.3,0,10.4,8.8,13.2,10.1,8.5,7.7,13,9.5,0,8.4,8,5.1,0,11.3,6,5.5,7.9,14,3.1,14,3.8,4.5,4.4,4.7,4.9,5.7,12.1,3,10.4,8.9,3.1,4.7,0,6.3,2.3,4.2,3,0.3,3.8,7.4,6.2,4.7,2.6,7,3.7,0,3.4,0,3.5,3.2,4.5,1.8,2.5,0,2.1,2.4,3.4,0,2.2,1.5,2,1.3,0.4,0,1.8,0.4,0.9,1.3,1.1,0.7,0.8,0.6,0,0.6,0.7,0.6,0.5,0.4,0.4,0.4,0.4,0.3,0.3,0,0.1,0,0,0
1994,9950,1330,4930,2800,790,1980,604,1740,1330,1820,1070,918,918,500,663,755,397,404,580,349,433,236,322,344,295,268,145,194,283,275,226,142,117,175,97.7,250,104,96.9,125,98.8,106,132,156,132,206,94.8,174,105,45.9,64.4,70.3,50.4,89.8,39.9,93.5,0,91.3,64,112,49.8,44.2,23.4,43,71.5,25.4,9.9,23.8,20.2,33.7,30.1,9.9,0,22.6,21.3,35,23,10.8,14.3,28.9,23.4,13.3,0,0,21.7,19,12.9,26.3,0,17.9,8.7,17.6,13.9,17.4,16.6,9.5,11.9,11.9,0,10.9,8,13.9,9.9,8.5,8.3,13.6,10,0,8.5,8.3,3.3,2.8,11.7,6.2,4.9,8.1,15,3.3,15.3,3.9,4.7,4.8,4.8,5.2,5.8,12.3,3.1,10.7,7.8,3.2,4.9,4.4,6.3,2.5,4.3,3.4,0.4,4,7,6.1,4.8,1.3,7.3,2.9,0,3.1,0,3.4,2.6,4.5,2.1,2.6,0,2.3,2.5,3.5,0,2.4,1.5,2,1.4,0.5,0,1.7,0.5,0.9,1.3,1.1,0.7,0.8,0.6,0,0.6,0.7,0.6,0.5,0.5,0.5,0.4,0.4,0.3,0.3,0,0.1,0,0,0
1995,10200,1480,5060,2840,845,2020,650,1780,1380,1870,1100,880,943,548,688,707,428,437,598,349,435,253,334,352,307,274,145,210,290,267,233,151,129,184,107,257,109,104,139,103,115,135,163,140,210,99.5,181,111,46.9,59.1,75.5,52.9,93.2,43.7,97.9,0,92.7,67.1,98.8,47.1,46.8,26.9,44,74.7,26.8,10.6,25.1,20,35.4,30.6,10.5,39.8,23.6,22.5,36,20.6,9.5,14.9,30.1,24.5,13.8,0,19.3,22.2,19.8,13.1,25.9,23.4,19.1,9.7,18.7,14.4,18.6,16.7,9.9,12.4,12.6,12.8,11.4,8.3,15.1,10.4,8.9,8.6,14.2,9.7,0,9,8.6,3.6,3.3,12.3,6.6,5,8.2,15.8,3.3,15.4,4.1,4.8,5.4,5.1,5.5,6.1,12.6,3.4,11.2,8.6,3.4,5.1,4.7,6.4,2.7,4.4,3.4,0.4,4.2,7.3,6.1,5.1,1.8,7.6,2.6,4.8,3.6,0,3.7,2.4,4.7,2.2,2.7,0,2.4,2.5,3.6,1.2,2.4,1.4,2.1,1.4,0.5,0,1.6,0.5,0.9,1.4,1.1,0.7,0.8,0.6,0,0.6,0.7,0.7,0.5,0.5,0.5,0.4,0.4,0.3,0.3,0,0.1,0,0,0
1996,10600,1620,5220,2860,903,2050,699,1820,1410,1890,1120,847,968,592,715,755,459,471,619,359,437,268,340,357,322,288,151,222,297,282,243,160,141,188,115,265,116,112,146,109,123,141,169,146,216,104,187,116,52.1,59.4,77.6,55.3,97,47.8,101,0,92.7,67.5,88.9,52.9,49.9,30.6,44.8,76.4,27.8,11.3,26.6,20.3,36.4,31,11.8,42.2,24.5,23.9,37.9,21.2,9.6,15.6,31.1,25.2,14.4,0,20.3,23.8,20.1,13.6,27.4,24.8,20.6,10.6,20.8,15,18.9,16.5,9.8,12.9,12.9,13.1,11.9,8.8,15.3,10.9,9.1,9.1,14.3,10.5,0,9.2,9.2,3.9,6.3,12.8,7,5.6,8.5,16.6,3.7,17,4.6,5.1,5.9,5.3,5.7,6.2,12.6,3.6,11.5,9,3.4,5.4,4.8,6.6,2.8,4.4,3.5,0.7,4.4,7.6,6.1,5.5,2,7.9,2.1,4.5,3.9,0,3.9,2.6,4.8,2.4,2.8,0,2.6,2.5,3.7,1.3,2.5,1.4,2.2,1.5,0.5,0,1.4,0.6,0.9,1.4,1.1,0.7,0.8,0.6,0,0.6,0.8,0.7,0.5,0.5,0.5,0.5,0.4,0.4,0.3,0,0.1,0,0,0
1997,11100,1770,5280,2920,938,2100,728,1890,1460,1930,1080,859,1000,628,744,807,494,494,646,363,448,286,350,371,339,290,155,216,303,305,249,173,152,194,128,273,122,121,152,115,132,148,180,145,226,105,196,110,63.2,60.4,82.6,57.8,98.1,51.7,104,0,95.6,69.2,86.2,52.1,52.9,32.8,46.7,80.2,29.6,12,29,21.4,38.6,32.7,12.1,44.8,24.6,26.4,32.5,23.6,10.2,16.2,32.7,26.3,14.9,0,22,25,21.2,14.5,29.7,26.6,21.4,11.2,21,15.8,19.7,15.6,9.8,13.3,13.3,14.3,12.5,9.1,15.7,12.3,9.4,9.5,14.8,10.1,0,9.6,9.9,4,8.5,13.5,7.6,6.2,9,17.4,4.1,17.4,4.8,5.3,5.3,5.6,6,6.5,12.4,3.7,11.4,9.2,3.6,5.7,5.5,6.8,3,4.5,3.7,1.8,4.6,7.5,6.2,5.7,2.3,8.1,2.2,4.6,4,0,3.8,2.9,5,2.8,2.9,3.1,2.7,2.6,3.9,1.4,2.5,1.3,2.4,1.6,0.5,0,1.4,0.7,0.9,1.5,1.1,0.7,0.9,0.7,0,0.6,0.9,0.7,0.5,0.5,0.5,0.5,0.4,0.4,0.3,0,0.1,0,0,0
1998,11600,1910,5220,2970,991,2170,773,1960,1470,1960,1110,813,1050,596,778,849,506,429,676,373,461,299,365,378,348,296,159,199,314,316,250,174,141,195,139,279,121,118,157,121,138,139,189,145,235,108,205,108,85.2,59.3,82.3,60.8,103,54.7,104,0,99.4,71.7,84.6,55.8,55,34.3,48.2,84.6,31,12.7,31,22.3,39.7,34.7,11.7,45.8,25.5,27.5,33.9,25.6,11.2,17,33.7,27.7,15.5,0,23.7,26.2,22.7,15.6,31.1,27.5,22.4,11.7,21.8,16.5,19.7,15.3,9.3,13.9,13.7,15.2,13.1,9.1,16.6,12.8,10,9.8,15.2,9.7,0,9.9,10.7,4.2,9.8,14,7.7,6.4,9.7,18.5,4.5,17.9,5.2,5.8,5.7,5.8,6.4,6.7,12.1,3.9,11.3,9.4,3.7,6.1,6.3,7.1,3.2,4.9,3.9,2.3,4.7,7.8,6.4,5.9,2.5,8.4,2.3,4.3,4.2,0,3.9,2.9,5.2,2.7,3,3.2,2.7,2.7,4,1.5,2.5,1.3,2.5,1.6,0.6,0,1.5,0.7,1,1.5,1.2,0.8,0.9,0.8,0,0.6,0.6,0.7,0.6,0.5,0.5,0.5,0.5,0.4,0.3,0,0.1,0,0,0
1999,12100,2060,5200,3030,1070,2250,841,2030,1470,1990,1150,865,1100,664,817,872,490,432,710,359,469,313,381,391,355,299,160,208,326,306,256,179,149,187,153,287,125,125,162,128,137,142,198,147,242,112,213,107,100,60.9,83.5,63.6,106,57.3,110,0,102,70.5,84.4,56.4,55,35.1,46,89.2,32.3,14.1,32.8,23.2,39.8,37.7,12.3,45.4,26,28.4,31.1,26.5,12,17.7,35.5,28.7,16.3,46.3,23.4,27.8,23.6,16.2,30.5,24.9,22.8,12.6,21.7,17.2,19.5,14.7,9.1,14.5,14.2,15.6,13.2,9.5,17.5,12.8,10.6,10.3,15.5,9.9,0,9.9,11.6,4.7,10.7,12.7,8.4,6.5,10,19.2,5.1,17.8,5.6,6.1,6.5,6.2,6.7,6.9,12.3,4.1,11.6,9.7,3.8,6.2,6.8,7.4,3.4,4.9,3.9,2.9,4.9,7.6,6.7,6.3,2.6,9,2.4,4.1,4.3,0,4,3,5.4,2.8,3.1,2.9,2.7,2.6,4,1.6,2.7,1.3,2.6,1.6,0.6,0,1.5,0.8,1,1.6,1.2,0.8,0.9,0.8,0,0.6,0.6,0.7,0.6,0.6,0.5,0.5,0.5,0.4,0.3,0,0.1,0,0,0
2000,12600,2230,5350,3120,1110,2330,873,2100,1540,2070,1210,952,1150,725,849,915,524,453,740,379,487,327,399,406,367,316,168,218,336,303,267,198,163,193,168,298,130,136,174,136,145,153,209,153,252,117,221,110,102,66.9,85.8,67,110,61.1,113,36,107,73.8,89.4,57.5,55.6,36.2,46.5,92.1,34.3,16,34.3,24.1,42.4,40.8,13.1,46.7,26.2,30.2,32.6,28,13.4,18.4,36.8,29.8,17,48,24.3,29.1,24.5,16.6,29.9,26.4,22.3,13,22,17.8,19,13.7,9.6,15.3,14.8,16.5,13.5,9.9,18.5,14.1,10.9,10.9,15.7,9.6,0,10.6,12.4,5.2,11.3,12.5,8.6,6.7,10.5,20.3,5.1,17.2,5.7,6.1,6.9,6.5,7.1,7.2,12.4,4.3,12,9.7,3.8,6.7,6.2,7.7,3.6,4.9,3.9,3.4,5.1,8.2,7,6.6,2.8,9.4,2.6,4.2,4.4,3.1,3.9,3.2,5.9,2.8,3.1,3,2.7,2.7,4.2,1.6,2.7,1.4,2.6,1.6,0.7,1.7,1.5,0.9,1.1,1.5,1.2,1,1,0.8,0.6,0.7,0.7,0.6,0.6,0.6,0.5,0.5,0.5,0.4,0.3,0,0.1,0.2,0,0
2001,12700,2420,5370,3170,1160,2380,915,2160,1560,2110,1220,1000,1200,760,866,912,493,470,757,375,494,331,405,410,374,319,178,225,341,290,274,201,163,196,177,301,134,135,175,141,149,154,215,157,262,121,226,116,104,75.9,86.3,70.4,114,64.9,117,37.4,111,73.9,97.6,61.7,57.4,37.7,48.3,97.9,33.7,17.8,35.2,25.1,44.3,41.8,14.2,48.1,27.2,32.1,33.8,29.4,14.7,19.1,38,30.5,18,47.2,25.9,30.2,25.3,16.7,28.7,28.3,22.3,13.7,22.8,18.6,18.8,13.4,9.9,15.6,15.6,17.5,13.7,10.4,19.3,14.9,11.4,11.4,15.8,9.6,0,10.9,12.9,5.6,11.8,12.8,8.6,7,10.9,21.1,5.8,17.5,6.1,7,7.5,6.9,7,7.3,12.5,4.7,12.3,9.7,4,6.9,5.6,8.2,3.8,5.2,4.3,5.5,5.2,8.5,6.8,6.8,3,9.7,2.8,4.5,4.2,4,3.8,3.4,6.4,2.8,3.2,3,2.8,2.8,4.1,1.6,2.7,1.3,2.9,1.7,0.7,1.8,1.5,1,1.2,1.6,1.2,1,1,0.8,0.7,0.7,0.7,0.6,0.6,0.7,0.5,0.5,0.5,0.4,0.3,0.1,0.1,0.2,0,0
2002,13000,2640,5380,3160,1200,2410,950,2210,1610,2110,1270,1050,1230,818,900,911,525,491,758,364,494,338,413,417,380,342,206,239,346,258,284,206,172,201,187,302,139,140,175,145,154,157,218,160,272,124,227,122,96.7,83.3,91,73.1,120,69,123,40.1,117,76.1,103,63.7,60,42.8,50.3,98.8,35.1,19.9,36.7,26.1,43.8,43.4,14.4,50.8,27.3,34.2,35.8,30.8,16.1,20,39.4,31.6,19.3,46.7,27.6,30.6,26.1,17.1,26.5,30.1,22,14.9,23.6,19.4,18.8,13.8,10.8,16.2,16.5,18.8,14,10.9,20,15.9,11.5,11.4,16.1,9.6,7.5,11.3,13.9,6,12.4,12.7,9.1,7.4,11,22,6.3,15.9,6.3,7.2,7.8,7.2,7.2,7.6,12.8,5.3,12.8,9.8,4.1,7.1,4.9,7.2,4,5.5,4.7,6.6,5.5,8.9,6.9,6.8,3.4,9.9,3.1,4.8,4.2,4,3.9,3.4,6.3,2.9,3.3,3.1,2.8,2.9,4.2,1.7,2.8,1.6,3,1.7,0.8,1.9,1.6,1,1.1,1.7,1.2,1,1,0.8,0.6,0.7,0.7,0.5,0.7,0.7,0.5,0.6,0.6,0.4,0.4,0.1,0.1,0.2,0,0
2003,13300,2900,5460,3140,1290,2430,1030,2290,1630,2120,1310,1120,1270,844,927,924,556,515,760,405,495,350,423,422,383,372,221,256,350,281,293,224,182,209,193,303,146,147,176,149,160,162,223,166,288,131,225,125,64.7,91.1,94.8,76.6,129,73.8,128,41.6,121,89.3,113,67.5,63.3,44.1,51.7,98.8,37.2,22.7,36.3,27.2,42.7,44.1,14.1,53.7,28.1,36.9,37.7,33,17.7,21,40.5,32.4,20.6,52.8,30.5,32.1,27.3,17.8,26.7,31.4,21.7,15.9,24.4,20.2,19.7,14.5,12.1,17.2,17.2,20.4,14.4,11.6,20.5,17.1,12.3,11.9,16.3,9.8,8.1,11.8,16,6.5,12.9,13,9.5,8.2,11.3,22.8,6.7,13.2,6.8,7.9,8.3,7.4,7.5,7.9,13.3,6.1,13.1,10.1,4.4,7.5,5.6,7.9,4.3,5.6,5.4,7.5,5.6,9,7.1,7,3.5,9.8,3.5,5.2,4.5,4.2,4.2,3.6,6.5,3.1,3.4,3.2,2.8,3.1,4.3,1.9,2.9,1.8,3.2,1.8,0.9,1.3,1.5,1.1,1.2,1.6,1.2,1.1,1,0.7,0.6,0.8,0.7,0.6,0.7,0.6,0.5,0.6,0.6,0.4,0.4,0.1,0.2,0.2,0,0
2004,13800,3200,5580,3180,1390,2500,1110,2340,1720,2150,1370,1200,1310,888,965,961,610,540,775,437,508,367,441,437,398,388,241,272,359,306,306,245,194,220,206,311,156,161,184,155,172,176,232,174,303,141,229,138,99.8,99.8,99.5,80.6,134,79.4,133,49.6,127,98.5,126,70.7,66.7,48.9,55.9,107,39.2,25.8,37.2,29.3,43.2,45.7,16,55.9,29.6,38.3,40.1,36.8,19.3,22.2,42.3,33.5,22.1,55.2,32.5,34.1,28.4,19.2,28.1,34.2,21.9,17,26,21.6,20.5,15.5,15.3,18.4,18.6,22.1,15,12.4,21.5,18.3,13,12.4,16.5,10.1,8.2,12.5,17.2,7.2,13.7,13.1,9.8,8.7,12.2,23.7,7.3,12.4,7.1,8,8.7,7.8,7.5,8.9,13.4,6.7,13.2,10,4.9,7.8,6.9,8.3,4.5,5.6,7.2,10.4,5.7,9.3,7.4,7.3,3.8,9.9,3.8,5.5,4.7,4.3,4.4,3.9,6.6,3,3.6,3.3,2.8,3.3,4.3,2,3,1.9,3.5,1.8,0.9,1.3,1.6,1.2,1.3,1.7,1.3,1.2,1.1,0.7,0.6,0.8,0.7,0.6,0.7,0.7,0.5,0.6,0.6,0.4,0.4,0.1,0.1,0.2,0,0
2005,14300,3560,5670,3200,1500,2540,1190,2420,1770,2170,1430,1280,1350,926,996,983,665,571,791,462,524,380,454,447,409,400,257,284,367,334,322,257,205,230,217,319,163,173,191,162,182,189,238,185,304,150,231,145,104,109,106,85.9,142,85.4,138,53.4,133,109,130,73,71.1,56.3,58.9,105,41.6,29.3,40.7,31.3,44.3,47.2,17.9,58.3,31.3,41.2,42.9,40.2,24.7,23.5,43.9,34.6,23.8,61.7,35,35.3,29.5,20.6,30.2,36.1,22.3,18,26.7,22,20.9,16.5,16.5,19.6,20.1,24.5,15.7,13.4,22.6,20,13.7,12.9,16.9,10.7,9.2,13.3,18.3,8.1,14.9,13.5,10.2,9.5,12.9,25,7.7,11.7,7.7,8.5,9.2,7.9,7.8,9.1,13.5,7.7,13.3,10.4,5.3,7.9,7.6,8.7,4.8,6,8.4,12.1,5.9,10,7.7,7.7,4.1,10.2,4.1,6,4.9,4.6,4.7,3.9,6.7,2.9,3.8,3.4,2.8,3.5,4.5,1.7,3,2,3.7,1.9,1,1.4,1.6,1.3,1.3,1.7,1.3,1.2,1.1,0.8,0.6,0.8,0.7,0.7,0.8,0.7,0.5,0.6,0.6,0.4,0.4,0.1,0.2,0.2,0,0
2006,14700,4020,5750,3330,1610,2600,1290,2480,1850,2200,1490,1390,1410,975,1020,1030,711,603,818,474,545,403,475,458,419,420,272,298,380,360,340,283,216,246,228,331,172,188,202,173,193,202,248,197,322,159,235,156,115,121,114,91.6,145,91.3,142,67.3,138,117,140,78.5,77.1,62.8,61.5,104,44.8,33.1,44.4,33.6,46.7,49.6,19.8,61.2,33.3,45.3,45.9,44.3,33.3,25,46.4,36.4,25.3,65.7,37.6,37.1,31.7,22.3,31.4,38,22.7,20,27.1,22.8,21.9,17.3,18.7,20.9,21.8,27.4,16.4,14.4,23.6,22,14.1,13.3,17.7,11.3,9.7,14.1,20.7,9,15.7,13.1,11.1,10.4,13.6,25.8,8.5,11.3,8.2,8.9,9.8,8.2,8,9.8,13.9,8.7,13.8,10.5,5.7,8.3,7.6,9.2,5.3,6.4,8.5,13,5.9,10.8,8.1,8,4.5,10.5,4.4,6.2,5.1,4.8,5.6,4,7.1,3,4,3.7,2.9,3.7,4.7,2.2,3.1,2.1,3.9,2,1,1.5,1.7,1.4,1.2,1.8,1.4,1.3,1.3,0.9,0.6,0.8,0.7,0.7,0.8,0.7,0.6,0.7,0.6,0.4,0.4,0.2,0.2,0.2,0,0
2007,15000,4590,5850,3420,1730,2660,1390,2540,1960,2240,1600,1500,1460,1030,1060,1050,747,641,849,483,567,432,491,475,431,454,290,314,394,393,359,292,230,263,241,334,183,205,213,186,203,215,261,208,332,167,241,168,116,132,123,98.1,150,97.8,146,79.4,138,124,150,81.3,85.5,71.6,62.8,103,47.9,37.1,47.7,36.8,48.7,53.7,22.1,64.3,35.6,50.5,48.9,48.1,41.7,26.1,49.7,38.7,27.1,69.9,41.8,39.6,34.3,25,33.4,40.4,23.1,21.7,29.6,23.9,23.1,18.4,21.4,22.6,23.5,30.1,17.2,15.6,24.8,23.6,14.8,13.8,18,12.2,11,15,21.7,9.9,16.7,13.9,12,11.7,14.9,26.7,9.1,10.9,8.6,9.2,10.4,8.7,8.3,10.3,14.1,9.9,13.9,11.1,6.3,8.8,7.8,9.7,5.7,6.6,8.7,15,6.3,10.1,8.7,8.4,4.8,10.6,4.7,6.4,5.6,5.1,5.5,4.3,7.3,2.9,4.2,4,3.1,3.9,4.9,2.4,3.1,2.3,3.9,2.1,1.2,1.7,1.8,1.6,1.3,1.8,1.4,1.3,1.4,0.9,0.7,0.8,0.8,0.7,0.8,0.8,0.6,0.7,0.7,0.5,0.4,0.2,0.2,0.2,0,0
2008,15000,5030,5780,3460,1790,2670,1430,2540,2060,2220,1610,1580,1470,1060,1100,1060,753,679,867,513,580,450,489,477,433,456,310,319,400,409,370,301,241,271,230,332,191,209,220,199,210,220,263,214,331,170,241,183,126,136,135,104,153,103,145,93.5,140,127,154,86.1,90.2,79.6,66.8,101,50.7,40.9,49.2,40.2,52.7,53.1,24.4,65.5,35.7,54.5,51.9,53,46.2,28.5,51.4,40,28.6,71.8,42.9,41.3,35.9,27.5,35.8,42.7,23.6,23.5,32.3,24.8,24.6,19.6,22.2,24,25.3,29.1,18.3,16.8,25.7,22.4,15.4,14.6,18.5,12.1,11.4,15.7,22.4,10.6,17.6,13.4,12.8,12,15.2,27.6,9.8,9,9.1,9.7,11.1,9.1,8.7,10.6,14,10.5,13.6,11.4,6.8,9.3,8.4,10.3,6.1,7.1,9,17.7,6.6,10.7,9.1,8.7,5.4,10.4,5.1,6.9,6,5.5,5.5,4.7,7.2,3.1,4.2,4.3,3.2,4,4.9,2.6,3.1,2.4,3.7,2.2,1.3,1.8,1.9,1.7,1.4,1.9,1.5,1.3,1.4,0.9,0.7,0.8,0.8,0.8,0.8,0.8,0.7,0.7,0.7,0.5,0.4,0.2,0.2,0.2,0,0
2009,14600,5500,5470,3260,1910,2590,1540,2430,2050,2100,1570,1460,1420,1070,1120,1010,717,711,835,503,567,463,468,468,426,460,335,317,385,385,364,285,237,274,218,316,194,209,222,208,206,214,241,204,317,174,234,173,130,138,136,109,156,109,144,105,130,118,131,89.8,85.3,80.3,67.2,98.8,52.5,45.2,49.7,43.4,56,50.7,26.6,60.7,36.9,56.2,50.1,53.1,50.5,29.8,47.5,40.2,30.1,71.2,36.5,42.6,35.5,27.8,37.4,41.5,24.4,25.1,35.6,25.3,24.5,20.1,22.5,24.6,26.5,25,18.9,18.4,25.2,19.2,15.7,15.3,18.1,12.9,13.9,15.3,21.4,10.6,17,13.4,11.8,11.5,14.2,28.7,10.4,10.1,9.3,10.1,11.5,9.3,8.6,10.6,13.4,9.1,13.4,12.1,6.8,9.6,9.2,9.9,6.6,7.2,9.4,17.9,6.5,12,9.1,8.4,5.7,9.9,5.3,6.5,6.5,5.6,5.5,4.8,6.8,3.2,4.3,4,3.3,4.2,4.6,2.4,3.1,2.4,3.5,2.3,1.4,1.9,1.9,1.6,1.5,2,1.5,1.3,1.2,0.9,0.8,0.9,0.8,0.8,0.8,0.8,0.7,0.7,0.7,0.5,0.4,0.2,0.2,0.2,0,0
2010,15000,6090,5700,3400,2060,2640,1680,2480,2210,2130,1610,1520,1420,1140,1150,1060,777,755,847,528,584,480,496,481,429,487,361,341,392,424,375,290,255,287,222,322,208,240,234,219,219,229,249,209,299,177,238,166,138,148,148,115,161,116,147,125,132,115,136,93.2,90.3,83.8,69.6,98.4,56.7,49.5,53.9,46.7,56.9,53.2,29.9,59.9,40,58.2,50.4,57.2,52.9,32.2,48.2,41.3,32,74.8,37.1,44.1,37.3,29.4,40.3,41.8,24.9,26.6,38.4,26.2,27.2,21.6,28.1,25.7,27.1,23.9,19.6,20.3,25.7,19.7,16.2,16,18.4,14.3,15.9,15.8,22.2,11.2,17.2,14.4,12.8,12.2,13.7,30.9,11.1,12,10.1,10.7,11.9,9.5,9,11.3,13.2,9.3,13.7,11.7,7.2,10,9.7,10,7.1,7.9,10.7,16.3,6.9,13.1,9.4,8.8,6.1,10.1,5.6,7,7,5.8,5.6,4.8,6.6,3.4,4.4,4.1,3.4,4.4,4.5,2.6,3.1,2.6,3.5,2.3,1.5,2,2,1.7,1.5,2.1,1.5,1.4,1.1,1,0.9,0.9,0.8,0.8,0.8,0.8,0.7,0.7,0.7,0.5,0.4,0.2,0.2,0.2,0,0
2011,15200,6670,5690,3530,2170,2700,1760,2510,2300,2150,1660,1590,1410,1190,1170,1100,864,802,860,581,594,503,512,489,433,500,381,344,403,449,388,310,269,306,223,326,216,255,245,223,232,240,256,213,272,182,234,169,149,159,157,123,166,123,150,142,134,127,143,98.1,92.9,86.7,75,98,61.5,52.3,55.5,50.3,58.4,54.6,33.3,59.8,42.4,57,51.6,60.3,52.1,36.7,48.6,43.1,34.5,28.4,39.4,43.2,38.9,32.8,42.4,42.7,23.8,29.1,38.8,27.2,28.4,23,34.2,26.2,27.9,25.4,20.7,21.4,25.8,21.2,16.5,16.6,19.2,14.4,15.9,16.4,22.1,12,17.3,15.4,13.6,13.1,13.9,27,11.9,13.8,10.8,11,12.2,9.8,9.1,11.8,13.4,9.7,14.2,12.4,8.4,10.4,10.6,10.1,7.7,8,10.7,17.4,7.2,13.4,9.6,9.3,6.6,10.2,6.1,7.4,7.3,6.1,5.9,5.1,6.4,3.6,4.5,4.3,3.6,4.6,4.5,2.8,3.2,2.7,3.4,2.4,1.7,2.2,2.1,1.7,1.4,2.2,1.6,1.4,1.1,1,0.9,0.9,0.9,0.9,0.8,0.8,0.7,0.7,0.7,0.5,0.4,0.2,0.2,0.2,0.1,0
2012,15600,7190,5780,3540,2290,2710,1860,2550,2340,2090,1690,1650,1370,1210,1220,1140,905,850,851,612,600,509,509,493,445,462,397,369,406,444,396,324,283,318,223,327,231,266,251,228,244,244,252,211,252,188,224,173,170,167,166,131,171,130,153,149,133,135,144,101,94.6,94.1,79.3,98.1,67.1,56.1,57.1,54,63.7,54.4,36.2,58.4,44.4,57.3,51.8,61.3,53.2,40.1,47.3,44.3,36,63.3,40.9,44.9,40.7,36,43.9,42.4,26.4,30.2,39.8,28.5,28.2,24.7,37.4,27.2,28.6,26.5,21.7,23,24.9,21.8,17.3,17.3,19.7,15.1,18,17.1,22.4,12.9,17.2,16.2,14.2,14,14.1,27.6,12.8,16,11.5,10.9,12.4,10.3,9.5,12.4,13.4,10.4,14.4,12.4,9.5,10.8,11.3,10.4,8.3,8.9,11.6,18.8,7.7,14.8,9.6,9.9,7.2,10.5,6.5,7.3,7.4,6.3,6.1,5.1,6,3.9,4.8,4.2,3.8,4.7,4.5,2.9,3.3,3.2,3.3,2.6,1.8,2.3,2.2,1.7,1.5,2.3,1.6,1.4,1.2,1.1,1,1,0.9,0.9,0.8,0.8,0.7,0.7,0.7,0.5,0.4,0.2,0.2,0.2,0.1,0
2013,15900,7750,5890,3560,2430,2720,1980,2610,2410,2050,1730,1680,1350,1250,1250,1150,982,897,850,629,611,515,515,495,449,462,423,379,406,455,406,340,297,335,226,330,247,279,261,233,254,251,250,211,244,197,222,179,183,177,176,139,176,137,157,157,135,136,144,106,95.3,98.8,83.2,97.8,69.4,60.9,59.8,58.1,67,56.4,40,58.1,47,59.8,51.9,61.9,56.3,43.1,46.8,46,38.5,54.7,42.3,46.2,41.7,38.5,45.9,43.6,28.7,31.3,41.3,30,30.6,26.8,41.6,28.7,29.3,27.1,23.2,24.2,23.3,22.1,17.8,18.1,20.1,15.7,19,17.6,22.9,13.9,17.6,17.1,15.8,14.5,14.7,29,13.7,16.4,12.1,11.2,12.5,11,10,13.1,13.4,10.7,14,12.8,10.6,11.1,11.8,10.7,9,9.4,12.3,18,8,14.7,9.9,10.4,7.5,10.2,7,8,7.8,6.5,6.4,5.6,6,4.1,5,4.3,3.9,4.9,4.4,3.1,3.4,3.8,3.2,2.7,1.8,2.5,2.3,1.8,1.5,1.5,1.5,1.5,1.2,1.1,1,1,0.9,1,0.8,0.8,0.7,0.7,0.7,0.5,0.4,0.2,0.2,0.2,0.1,0
2014,16300,8330,5920,3640,2590,2750,2130,2670,2420,2050,1780,1700,1370,1290,1280,1180,1030,942,862,652,626,532,528,503,458,483,450,383,409,444,414,355,314,350,246,335,263,290,271,240,259,258,249,216,246,206,224,186,184,184,180,147,183,145,163,165,141,137,134,108,97.8,104,86.3,96.6,72.8,65.7,64.1,62.3,67.9,58.8,44.1,57.9,49.5,61.4,52.9,63,57.9,44.3,48.1,48,41.1,41.5,43.8,47.6,43.1,40.4,47.4,42.9,31.2,32.8,42.3,31.8,32.1,29.3,41.1,29.9,30.3,27.4,24.5,25.3,22.9,22.8,19,19.1,20.5,17.8,19.5,18.1,22.7,14.9,17.8,17.9,16.4,15.1,15,28.9,14.7,16.8,12.7,12,12.8,11.7,10.7,13.9,13.5,11.1,13.7,13.3,11.4,11.6,11.8,11,9.7,10,13.1,18.1,8.3,15.5,10.2,10.9,8,10.3,7.5,8.4,8.3,6.6,6.7,5.9,5.8,4.4,5,4.4,4,4.9,4.4,3.3,3.6,4,3.2,2.7,1.9,2.6,2.4,1.8,1.5,1.5,1.5,1.5,1.2,1.2,1.1,1,0.9,1,0.8,0.8,0.8,0.7,0.7,0.5,0.4,0.2,0.2,0.2,0.1,0
2015,16700,8910,5990,3690,2790,2780,2290,2740,2340,2060,1790,1660,1420,1330,1310,1220,1090,988,879,679,634,555,552,513,467,476,462,395,413,456,419,373,330,360,308,343,279,299,277,250,265,264,250,227,245,216,228,191,188,186,186,157,190,155,169,173,146,138,121,113,103,105,86.4,95.6,76.5,70.3,68.5,66.9,71.1,61.3,48.7,59.3,52.3,64.5,55,60.6,58.5,45.3,49.2,50,43.6,37.9,44.7,48.2,44.7,42.7,47.6,43.7,34,34.6,42.4,33.6,33.1,31.3,32.2,30.7,31,28.5,25.7,26.1,23.6,23.2,20.2,19.8,21,18.9,19.8,18.8,23.1,15.9,18.4,18.5,16.1,15.6,15.7,20.8,15.7,17,13.2,12.7,13,11.9,11.8,14.5,13.7,11.5,13.6,13.5,11.7,12,12.2,11.4,10.4,10.4,13.5,16.5,8.6,15,10.6,11.4,8.7,10.3,7.9,8.4,8.5,6.8,7,6.1,5.9,4.6,5.1,4.5,4,4.7,4.5,3.4,3.8,3.2,3.3,2.8,2,2.6,2.3,1.8,1.6,1.6,1.5,1.6,1.2,1.2,1.1,1.1,1,1,0.9,0.9,0.8,0.7,0.7,0.5,0.4,0.2,0.2,0.2,0.1,0
2016,17000,9520,6020,3780,3010,2810,2480,2790,2260,2090,1810,1670,1460,1370,1350,1260,1130,1040,898,690,645,572,564,520,472,540,454,408,421,446,420,384,345,368,319,354,299,309,288,261,269,270,257,233,244,228,233,200,217,188,194,168,196,164,175,178,149,142,124,115,105,102,85.4,94.4,79.9,74.4,73.1,71,74.7,64.1,53.3,61.4,55.4,67.5,57.1,59.1,56.7,46.8,50.7,51.3,46.6,36.8,45.9,48.7,46.6,44.8,48.4,45.1,36.4,36.2,43,35.2,34.5,32.1,32,31.8,31.7,29.2,26.8,27,25.1,23.9,21.5,19.9,21.5,20,20.2,19.6,21.6,17,18.9,18.9,16.8,16,16.8,18.9,16.3,17.2,13.9,13.5,13.5,12.3,12.2,14.5,13.8,11.5,13.3,13.7,11.8,12.4,13.3,11.8,11.1,11,12.7,15,9.5,13.5,10.9,11.9,9.2,10.5,8.5,8.7,8.7,7.1,7.1,6.3,5.8,4.9,5.2,4.7,4.2,4.5,4.6,3.6,3.9,3.4,3.4,3,2.2,2.5,2.3,1.9,1.6,1.6,1.6,1.6,1.3,1.3,1.1,1.1,1.1,1.1,0.9,0.9,0.8,0.7,0.7,0.5,0.4,0.3,0.2,0.2,0.1,0
2017,17400,10200,6150,3870,3210,2880,2660,2840,2290,2120,1870,1700,1510,1410,1380,1280,1210,1090,924,685,657,600,578,528,483,561,458,425,431,459,426,393,365,373,345,364,320,322,298,272,272,280,266,245,248,240,241,215,212,196,199,180,198,175,181,176,156,135,127,119,108,102,87.4,91.6,82.8,79.1,76.5,74.2,75,65.3,58.4,63.5,58.1,68,59.1,60.6,56.8,50.7,53.2,52.9,49.7,46.6,47.8,49.7,48.4,47.4,49.6,46.1,39.1,37.6,43.4,36.4,36.2,33.3,35.1,33.1,32.3,30.1,27.9,28,26.4,25.3,23.1,21.5,22,20.7,20.7,20.5,21.1,18.2,19.5,19,17.3,16.8,17.5,17.9,16.9,18,14.8,14.2,14,13,13.2,14.4,14,12.4,13.5,14,12.4,12.9,13.5,12.3,11.9,11.6,12.3,14.2,10.5,12.9,11,12.5,9.6,10.8,9.1,9.2,9.1,7.4,7.3,6.6,6,5.1,5.3,4.9,4.3,4.5,4.7,3.9,4.1,3.5,3.4,2.9,2.3,2.6,2.3,1.9,1.7,1.7,1.6,1.6,1.4,1.3,1.1,1.1,1.1,1.1,1,0.9,0.8,0.7,0.8,0.5,0.5,0.3,0.2,0.2,0.1,0
2018,17900,10900,6170,3920,3410,2930,2820,2880,2320,2140,1910,1740,1540,1450,1420,1310,1250,1150,946,702,675,632,589,537,489,527,467,442,442,447,430,398,382,382,373,372,340,333,309,286,283,288,270,253,253,254,248,225,210,204,206,194,201,188,186,178,164,137,131,123,112,99.6,88.5,87.4,85.5,84.5,81.8,78.2,76.3,67.3,62.3,65.3,61.7,66.4,60.9,62.5,57.7,53.8,55.5,54.6,52.4,53.7,49.7,51,49.7,49.1,50.4,48.2,41.8,39.9,42.6,37.9,37.4,35.2,37,33.7,33,31.3,29.1,29.1,27.8,26.4,24.5,23,22.5,20.6,21,21.3,21.1,19.5,20.3,19.2,18.1,17.6,18.2,18,17.5,18.9,15.8,14.9,14.5,13.9,13.9,14.5,14.2,13,13.5,14.3,13.3,13.4,13.6,12.9,12.6,12.4,12.6,13.3,11.1,12.1,11.4,12,10.4,11.1,9.8,9.5,9.3,7.7,7.5,6.9,6,5.3,5.4,5.1,4.5,4.7,4.6,4.2,4.2,3.6,3.5,2.9,2.4,2.6,2.4,2,1.8,1.8,1.7,1.6,1.5,1.4,1.1,1.2,1.2,1.2,1,0.9,0.8,0.8,0.7,0.5,0.5,0.3,0.2,0.2,0.1,0
2019,18300,11500,6210,3940,3550,2970,2940,2920,2350,2150,1940,1760,1570,1480,1450,1310,1260,1200,962,704,681,661,597,547,495,491,477,453,449,438,430,405,399,395,394,383,361,336,319,302,286,285,273,259,257,257,253,234,220,213,211,210,202,201,192,179,172,138,136,126,115,99,88.6,88.4,87.5,86.9,85.9,82.6,75,68.8,67.5,67.2,65.1,64.8,63.2,63.2,58.9,57.3,57.3,56.7,55.5,55,51.9,51.5,50.7,50.6,50.5,50.2,44.4,42.6,39.7,39.3,37.4,36.8,35.3,34.3,33.6,32,29.7,29.5,28.7,27.7,25.8,24.6,23.1,21.9,21.8,21.8,21.1,20.9,20.8,19.9,18.6,18.5,18.5,18.4,17.9,17.3,16.7,15.6,14.9,14.9,14.6,14.4,14.3,14,14,14,14,13.8,13.8,13.5,13.2,13.1,13,12.5,11.8,11.7,11.7,11.5,11.4,11.3,10.5,9.9,9.8,8,7.9,7.2,6,5.6,5.5,5.3,4.8,4.7,4.6,4.5,4.2,3.8,3.5,2.9,2.5,2.5,2.4,2.1,1.9,1.8,1.7,1.6,1.5,1.5,1.3,1.2,1.2,1.2,1,0.9,0.9,0.8,0.8,0.5,0.5,0.3,0.2,0.2,0.1,0